Legislation Number,Title,URL,Date,Category,notes
S. 1345,Act to provide for the reorganization of the Consular Service of the United States,https://uslaw.link/#q=PubL%2059-83,5-Apr-06,Major legislation since 1900,"Reorganized of the consular service, which included increases to pay and reclassifications into nine classes; removed fees again and provided salaries for even the lowest-ranking officers; created a corps of consular inspectors to investigate each consular post every other year"
S. 5614,An act for the improvement of the foreign service,https://uslaw.link/#q=38%20Stat.%20805,5-Feb-15,Major legislation since 1900,Required that all diplomatic and consular officers be appointed to a rank rather than a specific post to allow for improved transfers between posts
H.R. 6357,Foreign Service Act of 1924 (“Rogers Act”),https://uslaw.link/citation/us-law/public/68/135,24-May-24,Major legislation since 1900,"Established the Foreign Service, by combining the consular and diplomatic services; created merit-based examinations and FSO rotation system"
H.R. 9110 ,Moses-Linthicum Act,https://uslaw.link/#q=46%20Stat.%201207,23-Feb-31,Major legislation since 1900,Reorganized the Board of Foreign Service Personnel in the aftermath of the Rogers Act to prevent favoritism in promotion of former diplomatic officers over former consular officers; restructured pay classes; allowed for 60 days of paid leave; liberalized Foreign Service retirement requirements
H.R. 3342,Act of Congress (“Bloom Bill”),https://uslaw.link/citation/us-law/public/80/402,3-May-45,Major legislation since 1900,Created a new category of administrative personnel; removed certain pay restrictions for upper pay grades; allowed for personnel exchanges with other agencies for up to four years
H.R. 6967,Foreign Service Act of 1946,https://uslaw.link/citation/us-law/public/79/724,13-Aug-46,Major legislation since 1900,"Created new categories and classes of Foreign Service personnel; refigured assignments, promotion, benefits, retirement systems, and processes; established the “selection-out” system which required the resignation of FSOs who were not promoted within a specific period; required three years of home stay in the first 15 years of an FSO’s service; created foreign service reserve; formally established Foreign Service School into today’s Foreign Service Institute"
S. 1704,Department of State Organization Act,https://uslaw.link/citation/us-law/public/81/73,26-May-49,Major legislation since 1900,"Authorized 10 new Assistant Secretaries of State, abolished the Office of the Foreign Service"
H.R. 5678,"Immigration and Nationality Act (An Act to revise the laws relating to immigration, naturalization, and nationality; and for other purposes)",https://www.congress.gov/bill/82nd-congress/house-bill/5678?s=2&r=1,27-Jun-52,Major legislation since 1900,Authorized a new Bureau of Security and Consular Affairs to include an Office of Security and an Office of Controls which comprised the Passport and Visa Offices
H.R. 4941,Foreign Service Act Amendments of 1955,https://www.congress.gov/bill/84th-congress/house-bill/4941,5-Apr-55,Major legislation since 1900,"Permitted lateral entry of 1,250 members of the Civil Service, Foreign Service Reserve, or the Foreign Service Staff Corps"
S. 2237,"The Department of State Organization Act (An Act to amend the act of May 28, 1949, to strengthen and improve the organization of the Department of State, and for other purposes)",https://www.congress.gov/bill/84th-congress/senate-bill/2237,5-Aug-55,Major legislation since 1900,"Created three Undersecretaries of State for Economic Affairs, Management, and Political Affairs and established the rank of career Ambassador"
S. 2996,Foreign Assistance Act of 1961 (An Act to amend further the Foreign Assistance Act of 1961),https://www.congress.gov/bill/87th-congress/senate-bill/2996,4-Sep-61,Major legislation since 1900,Empowers the president to lead on foreign assistance. (Led to an executive order that established the US Agency for International Development).
H.R. 9118,Arms Control and Disarmament Act (An Act to establish a U.S. Arms Control Agency),https://www.congress.gov/bill/87th-congress/house-bill/9118,26-Sep-61,Major legislation since 1900,Established the U.S. Arms Control and Disarmament Agency (incorporated into the State Department in 1999)
H.R. 11380,An Act to amend further the Foreign Assistance Act of 1961,https://www.congress.gov/bill/88th-congress/house-bill/11380,16-Dec-63,Major legislation since 1900,Required the State Department to provide schools for children of U.S. citizens employed in government activities outside the United States
S. 633,Public Law 90-494 - An Act to promote the foreign policy of the United States by strengthening and improving the Foreign Service personnel system of the United States Information Agency through establishment of a Foreign Service Information Officer Corps,https://www.congress.gov/bill/90th-congress/senate-bill/633?s=1&r=1,29-Aug-68,Major legislation since 1900,"Established eight functional categories for Foreign Service personnel: political, political/economic, political/military, economic, economic/commercial, consular, and general administrative; created a class of Foreign Service Reserve Officers with unlimited tenure (FSRUs); created a Foreign Service Information Officer (FSIO) Corps in the U.S. Information Agency"
S. 2819,The Foreign Relations Authorization Act,https://www.congress.gov/bill/92nd-congress/senate-bill/2819,13-Jul-72,Major legislation since 1900,Created the position of Deputy Secretary of State to replace the Under Secretary of State as the second-ranking officer in the Department; authorized permanent Under Secretaries of State for Political Affairs and Economic Affairs; provided for a Commission to study the organization and functions of U.S. foreign policy agencies (Murphy Commission)
H.R. 12466,"Department of State Appropriations Authorization Act (An Act to amend the Department of State Appropriations Authorization Act of 1973 to authorize additional appropriations for the fiscal year 1974, and for other purposes.)",https://www.congress.gov/bill/93rd-congress/house-bill/12466,31-Jan-74,"Authorizations and Appropriations (1950 – present), Major legislation since 1900",Established a Bureau of Oceans and International Environmental and Scientific Affairs; authorized $40 million for the protection of Department personnel and facilities against terrorism
H.R. 12203,The Foreign Relations Authorization Act for Fiscal Year 1976,https://www.congress.gov/bill/94th-congress/house-bill/12203,29-Nov-75,Major legislation since 1900,Established the Service Grievance Board
H.R. 6790,Foreign Service Act of 1980,https://www.congress.gov/bill/96th-congress/house-bill/6790,17-Oct-80,Major legislation since 1900,Established Senior Foreign Service; divided the Foreign Service into FSO generalists and specialists; increased pay and established a single pay schedule for all FSOs; authorized a foreign service union; ended reserve system of the Foreign Service Act of 1946; strengthened Congressional oversight on human resources matters by requiring regular reports
H.R. 1757,Foreign Affairs Reform and Restructuring Act of 1998,https://www.congress.gov/bill/105th-congress/house-bill/1757,21-Oct-98,Major legislation since 1900,"Consolidated foreign aid functions within the State Department; abolished ACDA, USIA, IDCA, and reorganized and transferred USAID to the State Department"
H.R. 4740,"An Act making appropriations for the Departments of State, Justice, Commerce, and the Judiciary, for the fiscal year ending June 30, 1952, and for other purposes",https://www.congress.gov/bill/82nd-congress/house-bill/4740,10-Jul-51,Authorizations and Appropriations (1950 – present),
H.R. 7289,"An Act making appropriations for the Departments of State, Justice, Commerce, and the Judiciary, for the fiscal year ending June 30, 1953, and for other purposes",https://www.congress.gov/bill/82nd-congress/house-bill/7289,28-Mar-52,Authorizations and Appropriations (1950 – present),
S. 371,"Department of State Authorities Act, Fiscal Year 2017, Improvements Act",https://www.congress.gov/bill/115th-congress/senate-bill/371,14-Feb-17,Authorizations and Appropriations (1950 – present),
S. 1635,"Department of State Authorities Act, Fiscal Year 2017",https://www.congress.gov/bill/114th-congress/senate-bill/1635,18-Jun-15,Authorizations and Appropriations (1950 – present),
H.R. 6456,"To provide for extensions of certain authorities of the Department of State, and for other purposes.",https://www.congress.gov/bill/110th-congress/house-bill/6456,10-Jul-08,Authorizations and Appropriations (1950 – present),
H.R. 6060,Department of State Authorities Act of 2006,https://www.congress.gov/bill/109th-congress/house-bill/6060,13-Sep-06,Authorizations and Appropriations (1950 – present),
H.R. 4436,"To provide certain authorities for the Department of State, and for other purposes.",https://www.congress.gov/bill/109th-congress/house-bill/4436,6-Dec-05,Authorizations and Appropriations (1950 – present),
H.R. 2915,"A bill to authorize appropriations for fiscal years 1984 and 1985 for the Department of State, the United States Information Agency, the Board for International Broadcasting, the Inter-American Foundation, and the Asia Foundation, to establish the Nationa",https://www.congress.gov/bill/98th-congress/house-bill/2915,5-May-83,Authorizations and Appropriations (1950 – present),
S. 1193,"An original bill to authorize appropriations for fiscal years 1982 and 1983 for the Department of State, the International Communications Agency, and the Board for International Broadcasting, and for other purposes.",https://www.congress.gov/bill/97th-congress/senate-bill/1193,15-May-81,Authorizations and Appropriations (1950 – present),
H.R. 4392,"Department of State, Justice, and Commerce, the Judiciary and Related Agencies Appropriation Act, 1980",https://www.congress.gov/bill/96th-congress/house-bill/4392,7-Jun-79,Authorizations and Appropriations (1950 – present),
H.R. 12598,"An Act to authorize appropriations for fiscal year 1979 for the Department of State, the International Communication Agency, and the Board for International Broadcasting, to make changes in the laws relating to those agencies, to make changes in the Forei",https://www.congress.gov/bill/95th-congress/house-bill/12598,8-May-78,Authorizations and Appropriations (1950 – present),
H.R. 6689,"An Act to authorize fiscal year 1978 appropriations for the Department of State, the United States Information Agency, and the Board for International Broadcasting, and for other purposes.",https://www.congress.gov/bill/95th-congress/house-bill/6689,27-Apr-77,Authorizations and Appropriations (1950 – present),
H.R. 5040,A bill to authorize additional appropriations for the Department of State for fiscal year 1977.,https://www.congress.gov/bill/95th-congress/house-bill/5040,15-Mar-77,Authorizations and Appropriations (1950 – present),
S. 3168,"An Act to authorize fiscal year 1977 appropriations for the Department of State, the United States Information Agency, and the Board for International Broadcasting, and for other purposes.",https://www.congress.gov/bill/94th-congress/senate-bill/3168,18-Mar-76,Authorizations and Appropriations (1950 – present),
S. 3473,"An Act to authorize appropriations for the Department of State and the United States Information Agency, and for other purposes.",https://www.congress.gov/bill/93rd-congress/senate-bill/3473,9-May-74,Authorizations and Appropriations (1950 – present),
H.R. 7645,Department of State Appropriations Authorization Act,https://www.congress.gov/bill/93rd-congress/house-bill/7645,9-May-73,Authorizations and Appropriations (1950 – present),
H.R. 14989,"An Act making appropriations for the Departments of State, Justice, and Commerce, Judiciary, and related agencies for the fiscal year ending June 30, 1973, and for other purposes",https://www.congress.gov/bill/92nd-congress/house-bill/14989,15-May-72,Authorizations and Appropriations (1950 – present),
H.R. 9272,"An Act making appropriations for the Departments of State, Justice, and Commerce, Judiciary, and related agencies for the fiscal year ending June 30, 1972, and for other purposes",https://www.congress.gov/bill/92nd-congress/house-bill/9272,21-Jun-71,Authorizations and Appropriations (1950 – present),
H.R. 17575,"An Act making appropriations for the Departments of State, Justice, and Commerce, Judiciary, and related agencies for the fiscal year ending June 30, 1971, and for other purposes",https://www.congress.gov/bill/91st-congress/house-bill/17575,12-May-70,Authorizations and Appropriations (1950 – present),
H.R. 12964,"An Act making appropriations for the Departments of State, Justice, and Commerce, Judiciary, and related agencies for the fiscal year ending June 30, 1970, and for other purposes",https://www.congress.gov/bill/91st-congress/house-bill/12964,21-Jul-69,Authorizations and Appropriations (1950 – present),
H.R. 17522,"An Act making appropriations for the Departments of State, Justice, and Commerce, the Judiciary, and related agencies for the fiscal year ending June 30, 1969, and for other purposes",https://www.congress.gov/bill/90th-congress/house-bill/17522,27-May-68,Authorizations and Appropriations (1950 – present),
H.R. 10345,"An Act making appropriations for the Departments of State, Justice, and Commerce, the judiciary, and related agencies for the fiscal year ending June 30, 1968, and for other purposes",https://www.congress.gov/bill/90th-congress/house-bill/10345,25-May-67,Authorizations and Appropriations (1950 – present),
H.R. 18119,"An Act making appropriations for the Departments of State, Justice, and Commerce, Judiciary, and related agencies for the fiscal year ending June 30, 1967, and for other purposes",https://www.congress.gov/bill/89th-congress/house-bill/18119,30-Sep-66,Authorizations and Appropriations (1950 – present),
H.R. 8639,"An Act making appropriations for the Departments of State, Justice, and Commerce, Judiciary, and related agencies for the fiscal year ending June 30, 1966, and for other purposes",https://www.congress.gov/bill/89th-congress/house-bill/8639,27-May-65,Authorizations and Appropriations (1950 – present),
H.R. 11134,"An Act making appropriations for the Departments of State, Justice, and Commerce, the Judiciary, and related agencies for the fiscal year ending June 30, 1965, and for other purposes",https://www.congress.gov/bill/88th-congress/house-bill/11134,4-May-64,Authorizations and Appropriations (1950 – present),
H.R. 7063,"An Act making appropriations for the Departments of State, Justice, and Commerce, the Judiciary, and related agencies for the fiscal year ending June 30, 1964, and for other purposes",https://www.congress.gov/bill/88th-congress/house-bill/7063,14-Jun-63,Authorizations and Appropriations (1950 – present),
H.R. 12580,"An Act making appropriations for the Departments of State, Justice, and Commerce, the Judiciary, and related agencies for the fiscal year ending June 30, 1963, and for other purposes",https://www.congress.gov/bill/87th-congress/house-bill/12580,17-Jul-61,Authorizations and Appropriations (1950 – present),
H.R. 7371,"An Act making appropriations for the Departments of State and Justice, the Judiciary, and related agencies for the fiscal year ending June 30, 1962, and for other purposes",https://www.congress.gov/bill/87th-congress/house-bill/7371,29-May-61,Authorizations and Appropriations (1950 – present),
H.R. 11666,"An Act making appropriations for the Departments of State and Justice, the Judiciary, and related agencies for the fiscal year ending June 30, 1961, and for other purposes",https://www.congress.gov/bill/86th-congress/house-bill/11666,8-Apr-60,Authorizations and Appropriations (1950 – present),
H.R. 7343,"An Act making appropriations for the Departments of State and Justice, the Judiciary, and related agencies for the fiscal year ending June 30, 1960, and for other purposes",https://www.congress.gov/bill/86th-congress/house-bill/7343,21-May-59,Authorizations and Appropriations (1950 – present),
H.R. 12428,"An Act making appropriations for the Departments of State and Justice, the Judiciary, and related agencies for the fiscal year ending June 30, 1959, and for other purposes",https://www.congress.gov/bill/85th-congress/house-bill/12428,9-May-58,Authorizations and Appropriations (1950 – present),
H.R. 6871,"An Act making appropriations for the Departments of State and Justice, the judiciary, and related agencies for the fiscal year ending June 30, 1958, and for other purposes.",https://www.congress.gov/bill/85th-congress/house-bill/6871,12-Apr-57,Authorizations and Appropriations (1950 – present),
H.R. 10721,"An Act making appropriations for the Departments of State and Justice, the Judiciary, and related agencies for the fiscal year ending June 30, 1957, and for other purposes.",https://www.congress.gov/bill/84th-congress/house-bill/10721,20-Apr-56,Authorizations and Appropriations (1950 – present),
H.R. 5502,"An Act making appropriations for the Departments of State and Justice and the Judiciary and related agencies for the fiscal year ending June 30, 1956, and for other purposes",https://www.congress.gov/bill/84th-congress/house-bill/5502,13-Apr-55,Authorizations and Appropriations (1950 – present),
H.R. 8067,"An Act making appropriations for the Departments of State, Justice, and Commerce and the United States Information Agency, for the fiscal year ending June 30, 1955, and for other purposes",https://www.congress.gov/bill/83rd-congress/house-bill/8067,25-Feb-54,Authorizations and Appropriations (1950 – present),
H.R. 4974,"An Act making appropriations for the Departments of State, Justice, and Commerce for the fiscal year ending June 30, 1954, and for other purposes",https://www.congress.gov/bill/83rd-congress/house-bill/4974,30-Apr-53,Authorizations and Appropriations (1950 – present),
H.R. 14734,An Act to authorize appropriations for the Department of State and for the U.S. Information Agency,https://www.congress.gov/bill/92nd-congress/house-bill/14734,13-Jul-72,Authorizations and Appropriations (1950 – present),
S. 2318,Department of State Rewards Program Update and Technical Corrections Act of 2012,https://www.congress.gov/bill/112th-congress/senate-bill/2318,19-Apr-12,Other Legislation,
H.R. 3639,"To designate the Federal building located at 2201 C Street, Northwest, in the District of Columbia, currently headquarters for the Department of State, as the ""Harry S. Truman Federal Building"".",https://www.congress.gov/bill/106th-congress/house-bill/3639,10-Feb-00,Other Legislation,
H.R. 633,Department of State Special Agents Retirement Act of 1998,https://www.congress.gov/bill/105th-congress/house-bill/633,6-Feb-97,Other Legislation,
H.Con.Res. 119,To urge the Secretary of State to provide to the Congress an emergency plan to vastly improve the visa issuance process of the Department of State to prevent terrorists from entering the United States.,https://www.congress.gov/bill/103rd-congress/house-concurrent-resolution/119,13-Jul-93,Other Legislation,
H.R. 661,To establish a Visa Review Board within the Department of State to review denials of certain visa applications.,https://www.congress.gov/bill/101st-congress/house-bill/661,27-Jan-89,Other Legislation,
H.R. 2567,A bill to establish a Visa Review Board within the Department of State to review denials of certain visa applications.,https://www.congress.gov/bill/100th-congress/house-bill/2567,2-Jun-87,Other Legislation,
S. 1877,"An Act to amend the Act of May 26, 1949, as amended, to strengthen and improve the organization of the Department of State, and for other purposes.",https://www.congress.gov/bill/86th-congress/senate-bill/1877,7-May-59,Other Legislation,
H.R. 808,"An Act to authorize the Secretary of State to evaluate in dollars certain financial assistance loans expressed in foreign currencies arising as a result of World War II, and for other purposes",https://www.congress.gov/bill/86th-congress/house-bill/808,7-Jan-59,Other Legislation,
S. 2569,An Act to provide certain basic authority for the Department of State,https://www.congress.gov/bill/84th-congress/senate-bill/2569,18-Jul-55,Other Legislation,
H.R. 6245,"An Act to authorize the Panama Canal Company to convey to the Department of State an improved site in Colon, Republic of Panama",https://www.congress.gov/bill/84th-congress/house-bill/6245,16-May-55,Other Legislation,
H.R. 5842,An Act to repeal a service charge of 10 cents per sheet of 100 words for making out and authenticating copies of records in the Department of State,https://www.congress.gov/bill/84th-congress/house-bill/5842,26-Apr-55,Other Legislation,
H.R. 5860,An Act to authorize certain officers and employees of the Department of State and the Foreign Service to carry firearms,https://www.congress.gov/bill/84th-congress/house-bill/5860,26-Apr-55,Other Legislation,
S. 1184,An Act to authorize relief of authorized certifying officers from exceptions taken to payments pertaining to terminated war agencies in liquidation by the Department of State,https://www.congress.gov/bill/83rd-congress/senate-bill/1184,4-Mar-53,Other Legislation,
S. 243,"An Act to amend Public Law 73, 81st Congress, 1st session (63 Stat. 111), to provide for an Under Secretary of State for Administration",https://www.congress.gov/bill/83rd-congress/senate-bill/243,7-Jan-53,Other Legislation,
H.Res. 267,"A resolution authorizing the Committee on Foreign Affairs to conduct a full and complete investigation of matters relating to the laws, regulations, directives, and policies including personnel pertaining to Department of State and such other departments",https://www.congress.gov/bill/93rd-congress/house-resolution/267,5-Mar-73,Failed Legislation,
S. 2495,A bill to authorize additional appropriations for the Department of State for fiscal year 1978.,https://www.congress.gov/bill/95th-congress/senate-bill/2495,6-Feb-78,Failed Legislation,
H.R. 10696,A bill to authorize additional appropriations for the Department of State for fiscal year 1978.,https://www.congress.gov/bill/95th-congress/house-bill/10696,1-Feb-78,Failed Legislation,
H.R. 9165,A bill to authorize the Secretary of State to acquire a statue or bust of George C. Marshall for placement in the Department of State.,https://www.congress.gov/bill/95th-congress/house-bill/9165,16-Sep-77,Failed Legislation,
H.R. 7309,A bill to establish within the Department of State a Bureau of Claims Against Foreign Diplomats with responsibility for awarding full and just compensation to persons injured by foreign diplomats and for reimbursing local governments for revenues lost bec,https://www.congress.gov/bill/95th-congress/house-bill/7309,18-May-77,Failed Legislation,
H.Res. 537,"A resolution providing for the consideration of H. R. 6689, a bill to authorize fiscal year l978 appropriations for the Department of State, the U. S. Information Agency, and the Board for International Broadcasting, to make certain changes in the Foreign",https://www.congress.gov/bill/95th-congress/house-resolution/537,3-May-77,Failed Legislation,
S. 1252,"A bill to transfer the functions of the Passport Office to a new agency of the Department of State to be known as the United States Passport Service, to establish a Passport Service Fund to finance the operations of the United States Passport Service.",https://www.congress.gov/bill/95th-congress/senate-bill/1252,6-Apr-77,Failed Legislation,
H.Res. 424,"A resolution providing for the consideration of H.R. 5040, a bill to authorize additional appropriations for the Department of State for fiscal year l977.",https://www.congress.gov/bill/95th-congress/house-resolution/424,22-Mar-77,Failed Legislation,
H.R. 4619,A bill to authorize additional appropriations for the Department of State for fiscal year 1977.,https://www.congress.gov/bill/95th-congress/house-bill/4619,8-Mar-77,Failed Legislation,
S. 478,A bill to establish within the Department of State an Assistant Secretary for Claims Against Foreign Ministers and Diplomats; to award just compensation for such claims.,https://www.congress.gov/bill/95th-congress/senate-bill/478,26-Jan-77,Failed Legislation,
H.R. 1536,A bill to establish within the Department of State an Assistant Secretary for Claims Against Foreign Ministers and Diplomats; to award just compensation for such claims.,https://www.congress.gov/bill/95th-congress/house-bill/1536,6-Jan-77,Failed Legislation,
S. 3826,A bill to establish within the Department of State an Assistant Secretary for Claims Against Foreign Ministers and Diplomats; to award just compensation for such claims.,https://www.congress.gov/bill/94th-congress/senate-bill/3826,16-Sep-76,Failed Legislation,
H.Res. 1189,Resolution providing for the consideration of H.R. 13179. A bill to authorize appropriations for the Department of State.,https://www.congress.gov/bill/94th-congress/house-resolution/1189,11-May-76,Failed Legislation,
S. 3351,A bill to authorize special agents of the Department of State to make arrests during the investigation of passport and visa law violations and to carry firearms.,https://www.congress.gov/bill/94th-congress/senate-bill/3351,29-Apr-76,Failed Legislation,
S. 3018,A bill to further amend the Foreign Service Act of 1946 to provide protection to medical personnel of the Department of State against certain malpractice suits.,https://www.congress.gov/bill/94th-congress/senate-bill/3018,24-Feb-76,Failed Legislation,
H.R. 10097,"A bill to transfer the functions of the Passport Office to a new agency of the Department of State to be known as the U.S. Passport Service, to establish a Passport Service Fund to finance the operations of the U.S. Passport Service.",https://www.congress.gov/bill/94th-congress/house-bill/10097,8-Oct-75,Failed Legislation,
H.R. 9463,"A bill to transfer the functions of the Passport Office to a new agency of the Department of State to be known as the U.S. Passport Service, to establish a Passport Service Fund to finance the operations of the U.S. Passport Service.",https://www.congress.gov/bill/94th-congress/house-bill/9463,9-Sep-75,Failed Legislation,
S. 2216,"A bill to transfer the functions of the Passport Office to a new agency of the Department of State to be known as the U.S. Passport Service, to establish a Passport Service Fund to finance the operations of the U.S. Passport Service.",https://www.congress.gov/bill/94th-congress/senate-bill/2216,30-Jul-75,Failed Legislation,
H.Res. 534,"Resolution providing for the consideration of H.R. 7500, a bill to authorize appropriations for the Department of State.",https://www.congress.gov/bill/94th-congress/house-resolution/534,11-Jun-75,Failed Legislation,
S. 1942,A bill to authorize certain officers and employees of the Department of State and the Foreign Service to carry firearms for the purpose of protecting designated individuals.,https://www.congress.gov/bill/94th-congress/senate-bill/1942,16-Jun-75,Failed Legislation,
H.R. 1587,A bill to promote the foreign policy of the United States by strengthening and improving the Foreign Service personnel system of the Department of State and of the U.S. Information Agency.,https://www.congress.gov/bill/94th-congress/house-bill/1587,17-Jan-75,Failed Legislation,
S. 4103,A bill to authorize certain officers and employees of the Department of State and of the Foreign Service to carry firearms for the purpose of protecting designated individuals.,https://www.congress.gov/bill/93rd-congress/senate-bill/4103,9-Oct-74,Failed Legislation,
H.Res. 1311,"Resolution providing for the consideration of H.R. 16168. A bill to authorize appropriations for the Department of State, and for other purposes.",https://www.congress.gov/bill/93rd-congress/house-resolution/1311,13-Aug-74,Failed Legislation,
H.R. 16168,Department of State Appropriations Authorization Act,https://www.congress.gov/bill/93rd-congress/house-bill/16168,30-Jul-74,Failed Legislation,
S. 3562,A bill to authorize appropriations to the Department of State for contribution to the International Commission of Control and Supervision in Vietnam.,https://www.congress.gov/bill/93rd-congress/senate-bill/3562,3-Jun-74,Failed Legislation,
H.Res. 956,"Resolution providing for the consideration of H.R. 12466. A bill to amend the Department of State Appropriations Authorization Act of 1973 to authorize additional appropriations for the fiscal year 1974, and for other purposes.",https://www.congress.gov/bill/93rd-congress/house-resolution/956,5-Mar-74,Failed Legislation,
S. 3119,"A bill to amend the Department of State Appropriations Authorization Act of 1973, and the Foreign Service Buildings Act, 1926.",https://www.congress.gov/bill/93rd-congress/senate-bill/3119,6-Mar-74,Failed Legislation,
S.Res. 291,"Resolved, that it is hereby declared to be the sense of the Senate that the President of the United States shall make every possible diplomatic effort through the Department of State and other relevant agencies to (1) ascertain the truth of the present wh",https://www.congress.gov/bill/93rd-congress/senate-resolution/291,26-Feb-74,Failed Legislation,
S. 2872,A bill to amend the Department of State Appropriations Authorization Act of 1973.,https://www.congress.gov/bill/93rd-congress/senate-bill/2872,21-Jan-74,Failed Legislation,
S. 2264,"A bill to provide civil service retirement credit for certain language instructors of the Foreign Service Institute, Department of State.",https://www.congress.gov/bill/93rd-congress/senate-bill/2264,26-Jul-73,Failed Legislation,
S. 2436,Department of State Appropriations Authorization Act,https://www.congress.gov/bill/93rd-congress/senate-bill/2436,18-Sep-73,Failed Legislation,
H.R. 10455,"A bill to establish within the Department of State a Bureau of Humanitarian Affairs, and for other purposes.",https://www.congress.gov/bill/93rd-congress/house-bill/10455,20-Sep-73,Failed Legislation,
H.R. 9873,"A bill to transfer the functions of the Passport Office to a new agency of the Department of State to be known as the U.S. Passport Service, to establish a Passport Service Fund to finance the operations of the U.S. Passport Service, and for other purpose",https://www.congress.gov/bill/93rd-congress/house-bill/9873,3-Aug-73,Failed Legislation,
S. 2331,"A bill to transfer the functions of the Passport Office to a new agency of the Department of State to be known as the ""U.S. Passport Service"", to establish a Passport Service fund to finance the operations of the U.S. Passport Service.",https://www.congress.gov/bill/93rd-congress/senate-bill/2331,2-Aug-73,Failed Legislation,
H.R. 9186,"A bill to transfer the functions of the Passport Office to a new agency of the Department of State to be known as the ""U.S. Passport Service"", to establish a Passport Service Fund to finance the operations of the U.S. Passport Service, and for other purpo",https://www.congress.gov/bill/93rd-congress/house-bill/9186,11-Jul-73,Failed Legislation,
S. 1248,Department of State Appropriations Authorization Act,https://www.congress.gov/bill/93rd-congress/senate-bill/1248,15-Mar-73,Failed Legislation,
H.Res. 425,Resolution providing for the consideration of H.R. 7645. A bill to authorize appropriations for the Department of State.,https://www.congress.gov/bill/93rd-congress/house-resolution/425,5-Jun-73,Failed Legislation,
H.R. 7316,Department of State Appropriations Authorization Act,https://www.congress.gov/bill/93rd-congress/house-bill/7316,30-Apr-73,Failed Legislation,
S. 1430,A bill to establish within the Department of State a Bureau of Oceans and International Environmental Affairs to be headed by an Assistant Secretary of State.,https://www.congress.gov/bill/93rd-congress/senate-bill/1430,29-Mar-73,Failed Legislation,
S. 1363,"A bill to transfer the functions of the Passport Office to a new agency of the Department of State to be known as the U.S. Passport Service, to establish a Passport Service Fund to finance the operations of the U.S. Passport Service.",https://www.congress.gov/bill/93rd-congress/senate-bill/1363,26-Mar-73,Failed Legislation,
H.R. 5575,A bill to promote the foreign policy of the United States by strengthening and improving the Foreign Service personnel system of the Department of State and of the U.S. Information Agency.,https://www.congress.gov/bill/93rd-congress/house-bill/5575,14-Mar-73,Failed Legislation,
H.Res. 1026,A resolution calling on the Department of State to investigate allegations that the provisions of the Biological Weapons Convention of 1972 are being violated by a principle signatory to that Convention.,https://www.congress.gov/bill/95th-congress/house-resolution/1026,15-Feb-78,Failed Legislation,
H.Res. 385,"Waiving points of order against the conference report to accompany the bill (H.R. 1757) to consolidate international affairs agencies, to authorize appropriations for the Department of State and related agencies for fiscal years 1998 and 1999, and to ensu",https://www.congress.gov/bill/105th-congress/house-resolution/385,11-Mar-98,Failed Legislation,
H.Res. 159,"Providing for consideration of the bill (H.R. 1757) to consolidate international affairs agencies, to authorize appropriations for the Department of State and related agencies for fiscal years 1998 and 1999 and for other purposes, and for consideration of",https://www.congress.gov/bill/105th-congress/house-resolution/159,3-Jun-97,Failed Legislation,
H.Res. 375,Waiving points of order against the conference report to accompany the bill (H.R. 1561) to consolidate the foreign affairs agencies of the United States; to authorize appropriations for the Department of State and related agencies for fiscal years 1996 an,https://www.congress.gov/bill/104th-congress/house-resolution/375,7-Mar-96,Failed Legislation,
S.J.Res. 46,A joint resolution making further continuing appropriations for the fiscal year 1996 for the operations of the Passport Office of the Department of State.,https://www.congress.gov/bill/104th-congress/senate-joint-resolution/46,4-Jan-96,Failed Legislation,
H.R. 1564,"To authorize appropriations for the Department of State and for certain other international affairs functions and activities of the United States Government for fiscal years 1996 and 1997, and for other purposes.",https://www.congress.gov/bill/104th-congress/house-bill/1564,3-May-95,Failed Legislation,
H.Res. 156,Providing for further consideration of the bill (H.R. 1561) to consolidate the foreign affairs agencies of the United States; to authorize appropriations for the Department of State and related agencies for fiscal years 1996 and 1997; to responsibly reduc,https://www.congress.gov/bill/104th-congress/house-resolution/156,25-May-95,Failed Legislation,
H.Res. 155,Providing for the consideration of the bill (H.R. 1561) to consolidate the foreign affairs agencies of the United States; to authorize appropriations for the Department of State and related agencies for fiscal years 1996 and 1997; to responsibly reduce th,https://www.congress.gov/bill/104th-congress/house-resolution/155,22-May-95,Failed Legislation,
H.Res. 197,"Providing for further consideration of the bill (H.R. 2333) to authorize appropriations for the Department of State, the United States Information Agency, and related agencies, to authorize appropriations for foreign assistance programs, and for other pur",https://www.congress.gov/bill/103rd-congress/house-resolution/197,15-Jun-93,Failed Legislation,
H.Res. 196,"Providing for consideration of the bill (H.R. 2333) to authorize appropriations for the Department of State, the United States Information Agency, and related agencies, to authorize appropriations for foreign assistance programs, and for other purposes, a",https://www.congress.gov/bill/103rd-congress/house-resolution/196,14-Jun-93,Failed Legislation,
S. 2503,"A bill to amend the Foreign Relations Authorization Act, Fiscal Years 1992 and 1993, to make available additional funds to the Department of State for the United States contributions to international peacekeeping activities.",https://www.congress.gov/bill/102nd-congress/senate-bill/2503,31-Mar-92,Failed Legislation,
H.Res. 147,"Providing for the consideration of the bill (H.R. 1415) to authorize appropriations for fiscal years 1992 and 1993 for the Department of State, and for other purposes.",https://www.congress.gov/bill/102nd-congress/house-resolution/147,9-May-91,Failed Legislation,
H.R. 5954,"To provide for publication of a thorough, accurate, and reliable documentary record of major United States foreign policy activities through the ""Foreign Relations of the United States"" historical series of the Department of State.",https://www.congress.gov/bill/101st-congress/house-bill/5954,26-Oct-90,Failed Legislation,
S. 2296,A bill to authorize appropriations for fiscal year 1991 for the Department of State.,https://www.congress.gov/bill/101st-congress/senate-bill/2296,20-Mar-90,Failed Legislation,
H.R. 1797,To provide for a study and report concerning sexual harassment of women at the Department of State and the United States Information Agency.,https://www.congress.gov/bill/101st-congress/house-bill/1797,11-Apr-89,Failed Legislation,
H.Res. 126,"Providing for the consideration of the bill (H.R. 1487) to authorize appropriations for fiscal years 1990 and 1991 for the Department of State, and for other purposes.",https://www.congress.gov/bill/101st-congress/house-resolution/126,11-Apr-89,Failed Legislation,
H.Con.Res. 369,A concurrent resolution to commend the Department of State's Science and Technology Officers on their outstanding performance and to recognize the importance of their work to the Congress and to the Nation.,https://www.congress.gov/bill/100th-congress/house-concurrent-resolution/369,22-Sep-88,Failed Legislation,
H.Con.Res. 143,A concurrent resolution to express the sense of the Congress concerning minority employment practices of the Department of State.,https://www.congress.gov/bill/100th-congress/house-concurrent-resolution/143,18-Jun-87,Failed Legislation,
H.Res. 190,"A resolution providing for the consideration of the bill (H.R. 1777) to authorize appropriations for fiscal years 1988 and 1989 for the Department of State, the United States Information Agency, and for other purposes.",https://www.congress.gov/bill/100th-congress/house-resolution/190,10-Jun-87,Failed Legislation,
S. 993,A bill to require the Department of State offices involved in overseas construction projects.,https://www.congress.gov/bill/100th-congress/senate-bill/993,9-Apr-87,Failed Legislation,
S. 766,Department of State Authorization Act for Fiscal Years 1988 and 1989,https://www.congress.gov/bill/100th-congress/senate-bill/766,18-Mar-87,Failed Legislation,
H.R. 3165,A bill to authorize additional appropriations for the Department of State for the fiscal year 1986 for the purpose of expanding and modernizing the facilities of the Coordinating Committee on Export Controls and to provide for appointment by the Secretary,https://www.congress.gov/bill/99th-congress/house-bill/3165,1-Aug-85,Failed Legislation,
H.R. 1931,"A bill to authorize appropriations for fiscal years 1986 and 1987 for the Department of State, the United States Information Agency, the Board of International Broadcasting, and for other purposes.",https://www.congress.gov/bill/99th-congress/house-bill/1931,3-Apr-85,Failed Legislation,
H.Res. 137,"A resolution providing for the consideration of the bill (H.R. 2068) to authorize appropriations for fiscal years 1986 and 1987 for the Department of State, the United States Information Agency, the Board of International Broadcasting, and for other purpo",https://www.congress.gov/bill/99th-congress/house-resolution/137,18-Apr-85,Failed Legislation,
S. 659,Department of State Authorization Act for Fiscal Years 1986 and 1987,https://www.congress.gov/bill/99th-congress/senate-bill/659,14-Mar-85,Failed Legislation,
S. 126,A bill to improve the Department of State.,https://www.congress.gov/bill/99th-congress/senate-bill/126,3-Jan-85,Failed Legislation,
H.R. 4221,A bill to establish in the Department of State the position of Under Secretary of State for Agricultural Affairs.,https://www.congress.gov/bill/98th-congress/house-bill/4221,26-Oct-83,Failed Legislation,
S. 1342,"An original bill authorizing appropriations for fiscal years 1984 and 1985 for the Department of State, the United States Information Agency, and the Board for International Broadcasting, and for other purposes.",https://www.congress.gov/bill/98th-congress/senate-bill/1342,23-May-83,Failed Legislation,
H.Res. 198,"A resolution providing for the consideration of the bill (H.R. 2915) to authorize appropriations for fiscal years 1984 and 1985 for the Department of State, the United States Information Agency, the Board for International Broadcasting, the Inter-American",https://www.congress.gov/bill/98th-congress/house-resolution/198,17-May-83,Failed Legislation,
H.R. 3029,"A bill to improve the translation and interpretation services available to the United States Government by providing for the establishment within the Department of State of a Bureau of Language Services, to be headed by an Assistant Secretary.",https://www.congress.gov/bill/98th-congress/house-bill/3029,17-May-83,Failed Legislation,
H.R. 2914,"A bill to authorize appropriations for fiscal years 1984 and 1985 for the Department of State, the United States Information Agency, the Board for International Broadcasting, the Inter-American Foundation, and the Asia Foundation, to establish the Nationa",https://www.congress.gov/bill/98th-congress/house-bill/2914,5-May-83,Failed Legislation,
S. 660,"Department of State Authorization Act, Fiscal Years 1984 and 1985",https://www.congress.gov/bill/98th-congress/senate-bill/660,3-Mar-83,Failed Legislation,
S. 534,A bill to establish in the Department of State the position of Under Secretary of State for Agricultural Affairs.,https://www.congress.gov/bill/98th-congress/senate-bill/534,17-Feb-83,Failed Legislation,
S. 3065,A bill to establish in the Department of State the position of Under Secretary of State for Agricultural Affairs.,https://www.congress.gov/bill/97th-congress/senate-bill/3065,2-Dec-82,Failed Legislation,
H.Res. 548,"A resolution waiving certain points of order against the conference report on the bill (S. 1193) to authorize appropriations for fiscal years 1982 and 1983 for the Department of State, the International Communication Agency, and the Board for Internationa",https://www.congress.gov/bill/97th-congress/house-resolution/548,5-Aug-82,Failed Legislation,
H.R. 5738,"A bill to improve the translation and interpretation services available to the United States Government by providing for the establishment within the Department of State of a Bureau of Language Services, to be headed by an Assistant Secretary.",https://www.congress.gov/bill/97th-congress/house-bill/5738,4-Mar-82,Failed Legislation,
H.Res. 257,"A resolution providing for the consideration of (S. 1193). A bill to authorize appropriations for fiscal years 1982 and 1983 for the Department of State, the International Communication Agency, and the Board for International Broadcasting, and for other",https://www.congress.gov/bill/97th-congress/house-resolution/257,27-Oct-81,Failed Legislation,
H.R. 3518,"A bill to authorize appropriations for fiscal years 1982 and 1983 for the Department of State, the International Communication Agency, and the Board for International Broadcasting, and for other purposes.",https://www.congress.gov/bill/97th-congress/house-bill/3518,12-May-81,Failed Legislation,
H.R. 4814,"A bill to authorize appropriations for fiscal years 1982 and 1983 for the Department of State, the International Communication Agency, and the Board for International Broadcasting, and for other purposes.",https://www.congress.gov/bill/97th-congress/house-bill/4814,22-Oct-81,Failed Legislation,
H.R. 4635,"A bill to authorize appropriations for fiscal years 1982 and 1983 for the Department of State, the International Communication Agency, and the Board for International Broadcasting, and for other purposes.",https://www.congress.gov/bill/97th-congress/house-bill/4635,30-Sep-81,Failed Legislation,
H.Res. 182,"A resolution providing for the consideration of the bill (H.R. 3518) to authorize appropriations for fiscal years 1982 and 1983 for the Department of State, the International Communication Agency, and the Board for International Broadcasting, and for othe",https://www.congress.gov/bill/97th-congress/house-resolution/182,16-Jul-81,Failed Legislation,
S. 784,"Department of State Authorization Act, Fiscal Years 1982 and 1983",https://www.congress.gov/bill/97th-congress/senate-bill/784,24-Mar-81,Failed Legislation,
S. 606,"A bill to establish in the Department of State a Bureau of North American Affairs, and for other purposes.",https://www.congress.gov/bill/97th-congress/senate-bill/606,3-Mar-81,Failed Legislation,
S.Con.Res. 110,A concurrent resolution to honor Raoul Wallenberg and to request that the Department of State take all possible action to obtain information concerning his present status and secure his release.,https://www.congress.gov/bill/96th-congress/senate-concurrent-resolution/110,28-Jul-80,Failed Legislation,
S. 2727,"An original bill to authorize additional appropriations for the Department of State for the fiscal years 1980 and 1981 and for the Board for International Broadcasting for the fiscal year 1981, and for other purposes.",https://www.congress.gov/bill/96th-congress/senate-bill/2727,15-May-80,Failed Legislation,
H.Con.Res. 341,A concurrent resolution to honor Raoul Wallenberg and to request that the Department of State take all possible action to obtain information concerning his present status and secure his release.,https://www.congress.gov/bill/96th-congress/house-concurrent-resolution/341,20-May-80,Failed Legislation,
H.R. 7305,"A bill to authorize additional appropriations for fiscal years 1980 and 1981 for the Department of State and the Board for International Broadcasting, and for other purposes.",https://www.congress.gov/bill/96th-congress/house-bill/7305,8-May-80,Failed Legislation,
S. 2444,Department of State Additional Authorization Act of 1980,https://www.congress.gov/bill/96th-congress/senate-bill/2444,19-Mar-80,Failed Legislation,
S. 1668,A bill to authorize additional appropriations for the Department of State for migration and refugee assistance for fiscal years 1980 and 1981.,https://www.congress.gov/bill/96th-congress/senate-bill/1668,3-Aug-79,Failed Legislation,
H.Res. 217,"A resolution providing for the consideration of H.R. 3363 to authorize appropriations for fiscal years 1980 and 1981 for the Department of State, the International Communication Agency, and the Board for International Broadcasting.",https://www.congress.gov/bill/96th-congress/house-resolution/217,9-Apr-79,Failed Legislation,
H.R. 3003,"A bill to authorize appropriations for fiscal years 1980 and 1981 for the Department of State, the International Communication Agency, and the Board for International Broadcasting.",https://www.congress.gov/bill/96th-congress/house-bill/3003,15-Mar-79,Failed Legislation,
H.R. 4605,To establish an independent nonpartisan review panel to assess how the Department of State can best fulfill its mission in the 21st century and meet the challenges of a rapidly changing world.,https://www.congress.gov/bill/105th-congress/house-bill/4605,18-Sep-98,Failed Legislation,
S. 1780,"Department of State, Foreign Operations, and Related Programs Appropriations Act, 2018",https://www.congress.gov/bill/115th-congress/senate-bill/1780,7-Sep-17,Failed Legislation,
S. 1631,"Department of State Authorities Act, Fiscal Year 2018",https://www.congress.gov/bill/115th-congress/senate-bill/1631,25-Jul-17,Failed Legislation,
H.R. 3362,"Department of State, Foreign Operations, and Related Programs Appropriations Act, 2018",https://www.congress.gov/bill/115th-congress/house-bill/3362,24-Jul-17,Failed Legislation,
S. 418,Department of State and United States Agency for International Development Accountability Act of 2017,https://www.congress.gov/bill/115th-congress/senate-bill/418,16-Feb-17,Failed Legislation,
H.R. 5912,"Department of State, Foreign Operations, and Related Programs Appropriations Act, 2017",https://www.congress.gov/bill/114th-congress/house-bill/5912,15-Jul-16,Failed Legislation,
S. 3117,"Department of State, Foreign Operations, and Related Programs Appropriations Act, 2017",https://www.congress.gov/bill/114th-congress/senate-bill/3117,29-Jun-16,Failed Legislation,
S. 2937,"Department of State Authorization Act, Fiscal Year 2017",https://www.congress.gov/bill/114th-congress/senate-bill/2937,17-May-16,Failed Legislation,
H.Res. 682,Urging the Department of State to provide necessary equipment and training to the men and women of the Kurdish Peshmerga in the fight against the Islamic State of Iraq and Syria (ISIS).,https://www.congress.gov/bill/114th-congress/house-resolution/682,14-Apr-16,Failed Legislation,
H.R. 4883,"To prohibit the Department of State from obligating or expending any funds to hire a contractor to deliver interactive, professional training seminars for senior-level officials on effective congressional testimony and briefing skills, and for other purpo",https://www.congress.gov/bill/114th-congress/house-bill/4883,23-Mar-16,Failed Legislation,
S. 1876,"A bill to rename the Office to Monitor and Combat Trafficking of the Department of State the Bureau to Monitor and Combat Trafficking in Persons and to provide for an Assistant Secretary to head such Bureau, and for other purposes.",https://www.congress.gov/bill/114th-congress/senate-bill/1876,28-Jul-15,Failed Legislation,
S. 1725,"Department of State, Foreign Operations, and Related Programs Appropriations Act, 2016",https://www.congress.gov/bill/114th-congress/senate-bill/1725,9-Jul-15,Failed Legislation,
H.R. 2772,"Department of State, Foreign Operations, and Related Programs Appropriations Act, 2016",https://www.congress.gov/bill/114th-congress/house-bill/2772,15-Jun-15,Failed Legislation,
H.Res. 307,"Condemning the Republic of the Sudan for its actions to pardon Mubarak Mustafa, who was responsible for the escape of two men convicted of the assassination of John Granville on January 1, 2008, and calling on the United States Department of State to cont",https://www.congress.gov/bill/114th-congress/house-resolution/307,10-Jun-15,Failed Legislation,
S. 1527,Improving Department of State Oversight Act of 2015,https://www.congress.gov/bill/114th-congress/senate-bill/1527,8-Jun-15,Failed Legislation,
H.R. 5013,"Department of State, Foreign Operations, and Related Programs Appropriations Act, 2015",https://www.congress.gov/bill/113th-congress/house-bill/5013,27-Jun-14,Failed Legislation,
S. 2499,"Department of State, Foreign Operations, and Related Programs Appropriations Act, 2015",https://www.congress.gov/bill/113th-congress/senate-bill/2499,19-Jun-14,Failed Legislation,
H.Con.Res. 77,Expressing the sense of Congress opposing the proposal by the United States Department of State to relocate the United States Embassy to the Holy See.,https://www.congress.gov/bill/113th-congress/house-concurrent-resolution/77,16-Jan-14,Failed Legislation,
S. 1372,"Department of State, Foreign Operations, and Related Programs Appropriations Act, Fiscal Year 2014",https://www.congress.gov/bill/113th-congress/senate-bill/1372,25-Jul-13,Failed Legislation,
H.R. 2848,"Department of State Operations and Embassy Security Authorization Act, Fiscal Year 2014",https://www.congress.gov/bill/113th-congress/house-bill/2848,30-Jul-13,Failed Legislation,
H.R. 2855,"Department of State, Foreign Operations, and Related Programs Appropriations Act, 2014",https://www.congress.gov/bill/113th-congress/house-bill/2855,30-Jul-13,Failed Legislation,
H.Res. 273,Expressing the sense of the House of Representatives that the President should nominate a qualified and independent individual for the position of Inspector General of the Department of State and Broadcasting Board of Governors to be confirmed by the Sena,https://www.congress.gov/bill/113th-congress/house-resolution/273,25-Jun-13,Failed Legislation,
S. 1249,"A bill to rename the Office to Monitor and Combat Trafficking of the Department of State the Bureau to Monitor and Combat Trafficking in Persons and to provide for an Assistant Secretary to head such Bureau, and for other purposes.",https://www.congress.gov/bill/113th-congress/senate-bill/1249,27-Jun-13,Failed Legislation,
H.Res. 214,Expressing the sense of the House of Representatives that extensive scientific and technical studies and analyses by the Department of State and other Federal agencies have affirmed that the proposed Keystone XL pipeline is an environmentally sound projec,https://www.congress.gov/bill/113th-congress/house-resolution/214,15-May-13,Failed Legislation,
H.Res. 171,"Condemning the Republic of the Sudan for its actions to pardon Mubarak Mustafa, who was responsible for the escape of two men convicted of the assassination of John Granville on January 1, 2008, and calling on the United States Department of State to cont",https://www.congress.gov/bill/113th-congress/house-resolution/171,18-Apr-13,Failed Legislation,
H.R. 5857,"Department of State, Foreign Operations, and Related Programs Appropriations Act, 2013",https://www.congress.gov/bill/112th-congress/house-bill/5857,25-May-12,Failed Legislation,
S. 3241,"Department of State, Foreign Operations, and Related Programs Appropriations Act, 2013",https://www.congress.gov/bill/112th-congress/senate-bill/3241,24-May-12,Failed Legislation,
H.Res. 546,"Expressing the sense of the House of Representatives that the Department of State should raise the travel advisory for Egypt from the current level of ""Travel Alert"", in place since November 7, 2011, to ""Travel Warning"", the highest level of travel securi",https://www.congress.gov/bill/112th-congress/house-resolution/546,14-Feb-12,Failed Legislation,
H.R. 4303,"To direct the Secretary of State to designate as foreign terrorist organizations certain Mexican drug cartels and submit a report on the activities the Department of State is taking to assist Mexico with drug cartel violence, and for other purposes.",https://www.congress.gov/bill/112th-congress/house-bill/4303,29-Mar-12,Failed Legislation,
H.R. 4077,Department of State Rewards Program Update and Technical Corrections Act of 2012,https://www.congress.gov/bill/112th-congress/house-bill/4077,17-Feb-12,Failed Legislation,
S. 1601,"Department of State, Foreign Operations, and Related Programs Appropriations Act, 2012",https://www.congress.gov/bill/112th-congress/senate-bill/1601,22-Sep-11,Failed Legislation,
H.R. 1337,To support efforts by the Department of State to strengthen the bilateral relationship with Greece.,https://www.congress.gov/bill/112th-congress/house-bill/1337,1-Apr-11,Failed Legislation,
H.Res. 209,"Directing the Secretary of State to transmit to the House of Representatives copies of any document, record, memo, correspondence, or other communication of the Department of State, or any portion of such communication, that refers or relates to any consu",https://www.congress.gov/bill/112th-congress/house-resolution/209,7-Apr-11,Failed Legislation,
H.Res. 60,Urging the Secretary of State to remove the People's Mojahedin Organization of Iran from the Department of State's list of Foreign Terrorist Organizations.,https://www.congress.gov/bill/112th-congress/house-resolution/60,26-Jan-11,Failed Legislation,
H.Res. 1763,Directing the Secretary of State to transmit to the House of Representatives copies of all classified Department of State documents assessed by the Department to have been unlawfully disclosed and provided to WikiLeaks and public press outlets.,https://www.congress.gov/bill/111th-congress/house-resolution/1763,15-Dec-10,Failed Legislation,
H.Res. 1682,"Providing for consideration of the Senate Amendments to the bill (H.R. 3081) making appropriations for the Department of State, foreign operations, and related programs for the fiscal year ending September 30, 2010, and for other purposes.",https://www.congress.gov/bill/111th-congress/house-resolution/1682,29-Sep-10,Failed Legislation,
S. 3676,"Department of State, Foreign Operations, and Related ProgramsAppropriations Act, 2011",https://www.congress.gov/bill/111th-congress/senate-bill/3676,29-Jul-10,Failed Legislation,
S. 1434,"Department of State, Foreign Operations, and Related Programs Appropriations Act, 2010",https://www.congress.gov/bill/111th-congress/senate-bill/1434,9-Jul-09,Failed Legislation,
H.Res. 617,"Providing for consideration of the bill (H.R. 3081) making appropriations for the Department of State, foreign operations, and related programs for the fiscal year ending September 30, 2010, and for other purposes.",https://www.congress.gov/bill/111th-congress/house-resolution/617,8-Jul-09,Failed Legislation,
H.Res. 1431,Expressing the sense of the House of Representatives that the Department of Defense and the Department of State should withhold funds for any new reconstruction projects in Iraq until the Iraqi Government reimburses the United States for previous reconstr,https://www.congress.gov/bill/110th-congress/house-resolution/1431,11-Sep-08,Failed Legislation,
S. 3288,"Department of State, Foreign Operations, and Related Programs Appropriations Act, 2009",https://www.congress.gov/bill/110th-congress/senate-bill/3288,18-Jul-08,Failed Legislation,
H.Res. 893,"Providing for the consideration of the Senate amendment to the House amendment to the Senate amendment to the bill (H.R. 2764) making appropriations for the Department of State, foreign operations, and related programs for the fiscal year ending September",https://www.congress.gov/bill/110th-congress/house-resolution/893,19-Dec-07,Failed Legislation,
H.Res. 878,"Providing for the consideration of the Senate amendment to the bill (H.R. 2764) making appropriations for the Department of State, foreign operations, and related programs for the fiscal year ending September 30, 2008, and for other purposes.",https://www.congress.gov/bill/110th-congress/house-resolution/878,17-Dec-07,Failed Legislation,
H.R. 3826,To amend the State Department Basic Authorities Act of 1956 to increase the maximum amount of an award available under the Department of State rewards program for information leading to the capture of Osama bin Laden.,https://www.congress.gov/bill/110th-congress/house-bill/3826,15-Oct-07,Failed Legislation,
H.R. 2960,Department of State Crisis Response Act of 2007,https://www.congress.gov/bill/110th-congress/house-bill/2960,10-Jul-07,Failed Legislation,
H.R. 2845,Department of State Crisis Response Act of 2007,https://www.congress.gov/bill/110th-congress/house-bill/2845,25-Jun-07,Failed Legislation,
H.Res. 498,"Providing for consideration of the bill (H.R. 2764) making appropriations for the Department of State, foreign operations, and related programs for the fiscal year ending September 30, 2008, and for other purposes.",https://www.congress.gov/bill/110th-congress/house-resolution/498,19-Jun-07,Failed Legislation,
H.R. 2145,To establish a pilot program in the Department of State for improvement of government-to-government relations with the Miccosukee Tribe of Indians of Florida.,https://www.congress.gov/bill/110th-congress/house-bill/2145,3-May-07,Failed Legislation,
H.R. 5522,"Department of State, Foreign Operations, and Related Programs Appropriations Act, 2007",https://www.congress.gov/bill/109th-congress/house-bill/5522,5-Jun-06,Failed Legislation,
H.R. 4863,To establish a pilot program in the Department of State for improvement of government-to-government relations with the Miccosukee Tribe of Indians of Florida.,https://www.congress.gov/bill/109th-congress/house-bill/4863,2-Mar-06,Failed Legislation,
H.Res. 561,Commending the outstanding efforts by members of the United States Armed Forces and civilian employees of the Department of State and the United States Agency for International Development in response to the earthquake in South Asia that occurred on Octob,https://www.congress.gov/bill/109th-congress/house-resolution/561,17-Nov-05,Failed Legislation,
H.Res. 365,"Providing for consideration of the bill (H.R. 2601) to authorize appropriations for the Department of State for the fiscal years 2006 and 2007, and for other purposes.",https://www.congress.gov/bill/109th-congress/house-resolution/365,18-Jul-05,Failed Legislation,
H.Res. 120,"Commending the outstanding efforts by members of the Armed Forces and civilian employees of the Department of State and the United States Agency for International Development in response to the earthquake and tsunami of December 26, 2004.",https://www.congress.gov/bill/109th-congress/house-resolution/120,17-Feb-05,Failed Legislation,
H.Res. 171,"Supporting the creation of the Office of the Coordinator for Reconstruction and Stabilization at the Department of State, and for other purposes.",https://www.congress.gov/bill/109th-congress/house-resolution/171,17-Mar-05,Failed Legislation,
H.Con.Res. 101,"Calling upon the President to order an immediate moratorium on the rendition of persons to Syria and all countries that routinely use torture as reported by the Department of State's 2004 Country Reports on Human Rights Practices, and for other purposes.",https://www.congress.gov/bill/109th-congress/house-concurrent-resolution/101,16-Mar-05,Failed Legislation,
H.R. 3515,Department of State Review Act,https://www.congress.gov/bill/108th-congress/house-bill/3515,18-Nov-03,Failed Legislation,
H.Res. 404,"Expressing the sense of the House of Representatives that the position of Iraqi Reconstruction Coordinator should be established within the Department of State to be accountable for all reconstruction funding in Iraq, and for other purposes.",https://www.congress.gov/bill/108th-congress/house-resolution/404,16-Oct-03,Failed Legislation,
H.Res. 316,"Providing for consideration of the bill (H.R. 1950) to authorize appropriations for the Department of State for the fiscal years 2004 and 2005, to authorize appropriations under the Arms Export Control Act and the Foreign Assistance Act of 1961 for securi",https://www.congress.gov/bill/108th-congress/house-resolution/316,14-Jul-03,Failed Legislation,
H.R. 2006,To provide for the transfer of a Vietnam-era Cessna L-19D Bird Dog aircraft that is excess to the needs of the Department of State to Army Aviation Heritage Foundation.,https://www.congress.gov/bill/108th-congress/house-bill/2006,7-May-03,Failed Legislation,
H.R. 1932,To designate the diplomacy center of the Department of State as the Colin Powell Center for American Diplomacy and to provide for appropriate museum visitor and educational outreach services at the center.,https://www.congress.gov/bill/108th-congress/house-bill/1932,1-May-03,Failed Legislation,
H.Res. 545,"Waiving points of order against the conference report to accompany the bill (H.R. 1646) to authorize appropriations for the Department of State for fiscal years 2002 and 2003, and for other purposes.",https://www.congress.gov/bill/107th-congress/house-resolution/545,24-Sep-02,Failed Legislation,
H.R. 5366,To provide for the transfer of a Vietnam-era Cessna L-19D Bird Dog aircraft that is excess to the needs of the Department of State to Army Aviation Heritage Foundation.,https://www.congress.gov/bill/107th-congress/house-bill/5366,11-Sep-02,Failed Legislation,
H.Con.Res. 293,Expressing the sense of the Congress that the United Nations should suspend the membership of any state identified as a sponsor of terrorism by the Department of State.,https://www.congress.gov/bill/107th-congress/house-concurrent-resolution/293,19-Dec-01,Failed Legislation,
S. 1452,A bill to provide for electronic access by the Department of State and Immigration and Naturalization Service to certain information in the criminal history records of the Federal Bureau of Investigation to determine whether or not a visa applicant or ap,https://www.congress.gov/bill/107th-congress/senate-bill/1452,21-Sep-01,Failed Legislation,
H.R. 2894,"To amend the State Department Basic Authorities Act of 1956 to increase the maximum amount of an award paid under the Department of State rewards program in connection with the attacks on the United States on September 11, 2001, and for other purposes.",https://www.congress.gov/bill/107th-congress/house-bill/2894,14-Sep-01,Failed Legislation,
H.Res. 138,"Providing for consideration of the bill (H.R. 1646) to authorize appropriations for the Department of State for fiscal years 2002 and 2003, and for other purposes.",https://www.congress.gov/bill/107th-congress/house-resolution/138,9-May-01,Failed Legislation,
S. 579,"A bill to amend the Mutual Educational and Cultural Exchange Act of 1961 to authorize the Secretary of State to provide for the establishment of nonprofit entities for the Department of State's international educational, cultural, and arts programs.",https://www.congress.gov/bill/107th-congress/senate-bill/579,20-Mar-01,Failed Legislation,
H.R. 304,To establish an independent nonpartisan review panel to assess how the Department of State can best fulfill its mission in the 21st century and meet the challenges of a rapidly changing world.,https://www.congress.gov/bill/107th-congress/house-bill/304,30-Jan-01,Failed Legislation,
H.Res. 624,"Waiving points of order against the conference report to accompany the bill (H.R. 2415) to enhance security of United States missions and personnel overseas, to authorize appropriations for the Department of State for fiscal year 2000, and for other purpo",https://www.congress.gov/bill/106th-congress/house-resolution/624,11-Oct-00,Failed Legislation,
S. 2416,"A bill to designate the Federal building located at 2201 C Street, Northwest, in the District of Columbia, which serves as headquarters for the Department of State, as the ""Harry S. Truman Federal Building"".",https://www.congress.gov/bill/106th-congress/senate-bill/2416,13-Apr-00,Failed Legislation,
H.R. 3913,To authorize the acceptance of endowment contributions for educational and cultural international exchange programs of the Department of State and the designation of such programs in recognition of the contributions.,https://www.congress.gov/bill/106th-congress/house-bill/3913,14-Mar-00,Failed Legislation,
S. 2140,A bill to amend the State Department Basic Authorities Act of 1956 to establish within the Department of State an Under Secretary of State for Security.,https://www.congress.gov/bill/106th-congress/senate-bill/2140,2-Mar-00,Failed Legislation,
H.R. 1894,To provide that a plaque be placed at the diplomatic entrance of the Department of State.,https://www.congress.gov/bill/106th-congress/house-bill/1894,20-May-99,Failed Legislation,
H.Res. 247,"Providing for consideration of the bill (H.R. 2415) to enhance security of United States missions and personnel overseas, to authorize appropriations for the Department of State for fiscal year 2000, and for other purposes.",https://www.congress.gov/bill/106th-congress/house-resolution/247,14-Jul-99,Failed Legislation,
H.R. 1066,To establish an independent nonpartisan review panel to assess how the Department of State can best fulfill its mission in the 21st century and meet the challenges of a rapidly changing world.,https://www.congress.gov/bill/106th-congress/house-bill/1066,10-Mar-99,Failed Legislation,
S. 2333,"A bill to prohibit assistance to the Government of Pakistan, and to require the Department of State and the United States Agency for International Development to transfer amounts to the Highway Trust Fund equivalent to historic levels of assistance to Pak",https://www.congress.gov/bill/115th-congress/senate-bill/2333,24-Jan-18,Failed Legislation,
H.Res. 1521,"Affirming the importance of the survival of GarÃ­funa culture and identity, condemning the violent and illegal appropriation of GarÃ­funa territory and calling on the Government of Honduras, the Department of State and multilateral development banks to fu",https://www.congress.gov/bill/117th-congress/house-resolution/1521,14-Dec-22,Failed Legislation,
H.Res. 1456,"Of inquiry requesting the President and directing the Secretary of State to transmit, respectively, certain documents to the House of Representatives relating to the conclusion of the Department of State on whether Marc Fogel is wrongfully detained.",https://www.congress.gov/bill/117th-congress/house-resolution/1456,3-Nov-22,Failed Legislation,
H.R. 7338,"To require congressional notification prior to payments of Department of State rewards using cryptocurrencies, and for other purposes.",https://www.congress.gov/bill/117th-congress/house-bill/7338,31-Mar-22,Failed Legislation,
S. 4653,Department of State Authorization Act of 2022,https://www.congress.gov/bill/117th-congress/senate-bill/4653,28-Jul-22,Failed Legislation,
H.R. 8788,Department of State Authorization Act of 2022,https://www.congress.gov/bill/117th-congress/house-bill/8788,9-Sep-22,Failed Legislation,
S. 4662,"Department of State, Foreign Operations, and Related Programs Appropriations Act, 2023",https://www.congress.gov/bill/117th-congress/senate-bill/4662,28-Jul-22,Failed Legislation,
H.R. 8536,Commission on Reform and Modernization of the Department of State Act,https://www.congress.gov/bill/117th-congress/house-bill/8536,27-Jul-22,Failed Legislation,
H.R. 8282,"Department of State, Foreign Operations, and Related Programs Appropriations Act, 2023",https://www.congress.gov/bill/117th-congress/house-bill/8282,1-Jul-22,Failed Legislation,
S. 3491,Commission on Reform and Modernization of the Department of State Act,https://www.congress.gov/bill/117th-congress/senate-bill/3491,12-Jan-22,Failed Legislation,
H.R. 6518,"To establish an office to combat the global rise of authoritarian socialism and communism at the Department of State, and for other purposes.",https://www.congress.gov/bill/117th-congress/house-bill/6518,28-Jan-22,Failed Legislation,
S. 3426,Department of State Inclusivity Act of 2021,https://www.congress.gov/bill/117th-congress/senate-bill/3426,16-Dec-21,Failed Legislation,
H.Res. 849,"Providing for consideration of the (H.R. 5665) to establish in the Department of State the Office to Monitor and Combat Islamophobia, and for other purposes.",https://www.congress.gov/bill/117th-congress/house-resolution/849,14-Dec-21,Failed Legislation,
S. 3075,"Department of State, Foreign Operations, and Related Programs Appropriations Act, 2022",https://www.congress.gov/bill/117th-congress/senate-bill/3075,26-Oct-21,Failed Legislation,
H.Res. 609,"Providing for consideration of the bill (H.R. 1232) to require a five-year staffing plan for the Department of State, and for other purposes.",https://www.congress.gov/bill/117th-congress/house-resolution/609,31-Aug-21,Failed Legislation,
H.R. 4589,Diversity and Inclusion at the Department of State Act,https://www.congress.gov/bill/117th-congress/house-bill/4589,21-Jul-21,Failed Legislation,
S. 2026,A bill to authorize appropriations for the Global Engagement Center of the Department of State.,https://www.congress.gov/bill/117th-congress/senate-bill/2026,10-Jun-21,Failed Legislation,
H.R. 1157,Department of State Authorization Act of 2021,https://www.congress.gov/bill/117th-congress/house-bill/1157,18-Feb-21,Failed Legislation,
S. 599,Department of State Student Internship Program Act,https://www.congress.gov/bill/117th-congress/senate-bill/599,4-Mar-21,Failed Legislation,
H.R. 1109,Department of State Student Internship Program Act,https://www.congress.gov/bill/117th-congress/house-bill/1109,18-Feb-21,Failed Legislation,
H.R. 9046,"Department of State, Foreign Operations, and Related Programs Continuing Appropriations Act, 2021",https://www.congress.gov/bill/116th-congress/house-bill/9046,24-Dec-20,Failed Legislation,
H.R. 8912,Diversity and Inclusion at the Department of State Act,https://www.congress.gov/bill/116th-congress/house-bill/8912,9-Dec-20,Failed Legislation,
H.R. 4802,To amend the State Department Basic Authorities Act of 1956 to authorize rewards under the Department of Stateâ€™s rewards program relating to information regarding individuals or entities engaged in activities in contravention of United States or United,https://www.congress.gov/bill/116th-congress/house-bill/4802,23-Oct-19,Failed Legislation,
H.R. 8409,Department of State Student Internship Program Act,https://www.congress.gov/bill/116th-congress/house-bill/8409,29-Sep-20,Failed Legislation,
H.Res. 1060,"Providing for consideration of the bill (H.R. 7608) making appropriations for the Department of State, foreign operations, and related programs for the fiscal year ending September 30, 2021, and for other purposes.",https://www.congress.gov/bill/116th-congress/house-resolution/1060,22-Jul-20,Failed Legislation,
S.Res. 567,A resolution commending career professionals at the Department of State for their extensive efforts to repatriate United States citizens and legal permanent residents during the COVID-19 pandemic.,https://www.congress.gov/bill/116th-congress/senate-resolution/567,7-May-20,Failed Legislation,
S. 3786,A bill to reimburse United States citizens for costs incurred for commercial flights arranged by the Department of State to evacuate them from foreign countries due to the COVID-19 pandemic and to waive promissory notes and the obligation to repay emergen,https://www.congress.gov/bill/116th-congress/senate-bill/3786,20-May-20,Failed Legislation,
S. 3430,Department of State Inclusivity Act of 2020,https://www.congress.gov/bill/116th-congress/senate-bill/3430,10-Mar-20,Failed Legislation,
S.Res. 453,"A resolution honoring the Employees of the Department of State and the United States Agency for International Development, and for other purposes.",https://www.congress.gov/bill/116th-congress/senate-resolution/453,12-Dec-19,Failed Legislation,
S. 2583,"An original bill making appropriations for the Department of State, foreign operations, and related programs for the fiscal year ending September 30, 2020, and for other purposes.",https://www.congress.gov/bill/116th-congress/senate-bill/2583,26-Sep-19,Failed Legislation,
H.R. 3352,Department of State Authorization Act of 2019,https://www.congress.gov/bill/116th-congress/house-bill/3352,19-Jun-19,Failed Legislation,
S. 1819,"Department of State, Foreign Operations, and Related Programs Permanent General Provisions Act of 2019",https://www.congress.gov/bill/116th-congress/senate-bill/1819,12-Jun-19,Failed Legislation,
H.R. 2839,"Making appropriations for Department of State, foreign operations, and related programs for the fiscal year ending September 30, 2020, and for other purposes.",https://www.congress.gov/bill/116th-congress/house-bill/2839,20-May-19,Failed Legislation,
H.R. 6385,"Department of State, Foreign Operations, and Related Programs Appropriations Act, 2019",https://www.congress.gov/bill/115th-congress/house-bill/6385,16-Jul-18,Failed Legislation,
S. 3108,"Department of State, Foreign Operations, and Related Programs Appropriations Act, 2019",https://www.congress.gov/bill/115th-congress/senate-bill/3108,21-Jun-18,Failed Legislation,
S. 3111,"Department of State, Foreign Operations, and Related Programs Permanent General Provisions Act of 2018",https://www.congress.gov/bill/115th-congress/senate-bill/3111,21-Jun-18,Failed Legislation,
H.R. 5592,Department of State Authorization Act of 2018,https://www.congress.gov/bill/115th-congress/house-bill/5592,24-Apr-18,Failed Legislation,
H.R. 4934,"To prohibit assistance to the Government of Pakistan, and to require the Department of State and the United States Agency for International Development to transfer amounts to the Highway Trust Fund equivalent to historic levels of assistance to Pakistan.",https://www.congress.gov/bill/115th-congress/house-bill/4934,5-Feb-18,Failed Legislation,